{"__type__":"cc.AnimationClip","_name":"Chuan1","_duration":15,"wrapMode":2,"curveData":{"props":{"position":[{"frame":0,"value":[2370.201904296875,-1624.7130126953125,0]},{"frame":15,"value":[-1107.93505859375,-2660.737060546875,0]}]}}}